City_ID,City,Lat,Lng,Max Temp,Humidity,Cloudiness,Wind Speed,Country,Date
0,waitangi,-43.9535,-176.5597,14.9,74,96,0.98,NZ,1702069349
1,santa cruz,-17.8,-63.1667,28.03,65,75,7.2,BO,1702069211
2,sitka,57.0531,-135.33,4.94,81,100,8.75,US,1702069351
3,edinburgh of the seven seas,-37.0676,-12.3116,15.81,89,100,14.07,SH,1702069351
4,enewetak,11.3474,162.3373,27.44,78,92,10.04,MH,1702069351
5,aasiaat,68.7098,-52.8699,-12.59,98,85,2.83,GL,1702069351
6,port-aux-francais,-49.35,70.2167,3.85,78,92,14.15,TF,1702069352
7,ushuaia,-54.8,-68.3,13.81,58,0,3.6,AR,1702069198
8,bethel,41.3712,-73.414,8.05,57,75,2.57,US,1702069353
9,papatowai,-46.5619,169.4708,17.23,46,100,3.08,NZ,1702069353
10,utrik,11.2278,169.8474,26.99,76,55,9.11,MH,1702069353
11,acarau,-2.8856,-40.12,27.97,80,100,11.23,BR,1702069270
12,saipan,15.1355,145.701,28.22,78,100,8.79,MP,1702069354
13,albany,42.6001,-73.9662,3.98,93,98,1.28,US,1702069235
14,al kharijah,25.4514,30.5464,15.68,39,0,1.98,EG,1702069355
15,paka,4.6374,103.4368,24.96,100,100,0.0,MY,1702069355
16,iqaluit,63.7506,-68.5145,-17.95,77,20,3.09,CA,1702069290
17,mili,6.0815,171.735,27.96,78,97,7.74,MH,1702069356
18,hadibu,12.65,54.0333,24.63,70,34,5.18,YE,1702069356
19,forres,57.6113,-3.6108,9.01,92,100,6.69,GB,1702069358
20,puerto ayora,-0.7393,-90.3518,28.98,91,80,1.34,EC,1702069358
21,santyoku,37.4406,129.1708,12.29,78,8,5.17,KR,1702069358
22,blackmans bay,-43.0167,147.3167,13.07,90,100,2.64,AU,1702069359
23,makamba,-4.1348,29.804,17.99,90,100,0.63,BI,1702069359
24,new norfolk,-42.7826,147.0587,13.73,96,100,0.82,AU,1702069359
25,adamstown,-25.066,-130.1015,22.53,82,100,5.44,PN,1702069348
26,bopolu,7.0667,-10.4875,25.07,84,80,1.18,LR,1702069360
27,nahiyat al fuhud,30.9697,46.7228,20.61,28,37,4.0,IQ,1702069360
28,keflavik,64.0049,-22.5624,-0.76,69,0,2.06,IS,1702069361
29,olonkinbyen,70.9221,-8.7187,-2.41,80,100,6.38,SJ,1702069361
30,fale old settlement,-9.3852,-171.2468,29.1,74,44,5.14,TK,1702069361
31,st. john's,47.5649,-52.7093,1.49,80,75,12.35,CA,1702069242
32,port elizabeth,-33.918,25.5701,19.5,94,100,2.06,ZA,1702069362
33,kingston,17.997,-76.7936,30.53,71,20,8.75,JM,1702069270
34,ust-nera,64.5667,143.2,-25.83,99,96,1.48,RU,1702069362
35,calvi,42.5,8.8333,7.35,93,100,0.51,FR,1702069363
36,portland,45.5234,-122.6762,8.88,86,75,2.68,US,1702068930
37,zholymbet,51.7433,71.7122,-25.51,82,6,1.95,KZ,1702069363
38,martinez de la torre,20.0667,-97.05,26.22,72,0,1.98,MX,1702069364
39,ribas do rio pardo,-20.4431,-53.7592,27.99,64,100,5.51,BR,1702069364
40,hermanus,-34.4187,19.2345,16.79,89,100,5.14,ZA,1702069364
41,college,64.8569,-147.8028,-17.82,79,100,2.06,US,1702069365
42,grytviken,-54.2811,-36.5092,-0.26,84,23,4.27,GS,1702069365
43,longyearbyen,78.2186,15.6401,-0.09,74,75,2.57,SJ,1702069366
44,bilibino,68.0546,166.4372,-24.98,97,52,1.74,RU,1702069366
45,huilong,31.8111,121.655,13.82,74,100,2.03,CN,1702069366
46,kuching,1.55,110.3333,27.8,93,40,1.54,MY,1702069367
47,tindouf,27.6711,-8.1474,20.25,37,0,0.0,DZ,1702069368
48,anadyr,64.75,177.4833,-24.72,77,0,3.0,RU,1702069368
49,nemuro,43.3236,145.575,4.72,56,56,4.43,JP,1702069368
50,zyryanovsk,49.7386,84.2719,-28.64,99,83,0.43,KZ,1702069369
51,puerto natales,-51.7236,-72.4875,18.25,48,0,11.32,CL,1702069369
52,kodiak,57.79,-152.4072,-7.27,79,0,3.09,US,1702069369
53,vadso,70.0744,29.7487,-8.91,86,100,10.8,NO,1702069370
54,antofagasta,-23.65,-70.4,19.6,72,6,4.46,CL,1702069211
55,alpena,45.0617,-83.4327,9.14,71,0,6.17,US,1702069371
56,dudinka,69.4058,86.1778,-38.51,100,52,0.89,RU,1702069371
57,port mathurin,-19.6833,63.4167,25.87,78,98,2.73,MU,1702069266
58,ardestan,33.3761,52.3694,10.98,41,100,1.6,IR,1702069371
59,tazovsky,67.4667,78.7,-36.48,99,18,1.96,RU,1702069372
60,iquitos,-3.7481,-73.2472,31.02,70,40,1.54,PE,1702069372
61,nouadhibou,20.931,-17.0347,22.99,60,0,6.17,MR,1702069373
62,hwangju-up,38.6703,125.7761,6.34,96,11,0.53,KP,1702069373
63,galle,6.0367,80.217,24.74,90,99,1.85,LK,1702069373
64,yellowknife,62.456,-114.3525,-9.71,92,100,1.03,CA,1702069309
65,jamestown,42.097,-79.2353,11.8,50,100,5.14,US,1702069374
66,bawku,11.0616,-0.2417,28.66,13,97,3.34,GH,1702069374
67,hamilton,39.1834,-84.5333,16.69,46,75,6.17,US,1702069306
68,luchegorsk,46.4764,134.2569,-9.51,88,47,3.77,RU,1702069375
69,hawaiian paradise park,19.5933,-154.9731,25.73,81,100,2.57,US,1702069375
70,ilulissat,69.2167,-51.1,-9.99,67,81,0.0,GL,1702069376
71,crane,31.3974,-102.3501,24.8,12,0,11.36,US,1702069377
72,kudahuvadhoo,2.6708,72.8944,28.39,73,100,5.57,MV,1702069377
73,darhan,49.4867,105.9228,-28.23,92,86,1.01,MN,1702069377
74,uturoa,-16.7333,-151.4333,26.94,79,67,3.39,PF,1702069377
75,nuku'alofa,-21.1333,-175.2,28.19,78,75,4.63,TO,1702069378
76,ilhabela,-23.7781,-45.3581,24.35,93,66,4.5,BR,1702069378
77,stanley,54.868,-1.6985,6.51,94,40,2.06,GB,1702069378
78,north vernon,39.0062,-85.6236,15.2,66,100,6.64,US,1702069222
79,cockburn town,21.4612,-71.1419,25.78,66,40,10.18,TC,1702069379
80,port augusta,-32.5,137.7667,19.67,67,100,7.6,AU,1702069257
81,margaret river,-33.95,115.0667,9.78,79,0,5.52,AU,1702069379
82,banda aceh,5.5577,95.3222,26.58,82,91,2.85,ID,1702069380
83,langepas,61.2544,75.2124,-25.26,94,100,3.73,RU,1702069380
84,wailua homesteads,22.0669,-159.378,27.08,69,20,3.09,US,1702069380
85,lianzhou,24.7811,112.3825,15.65,74,99,1.18,CN,1702069380
86,barra de santo antonio,-9.4047,-35.5072,26.6,77,98,4.52,BR,1702069184
87,west island,-12.1568,96.8225,26.99,83,75,6.69,CC,1702069381
88,mandan,46.8267,-100.8896,0.99,95,75,9.26,US,1702069131
89,loushanguan,28.1375,106.82,12.61,84,100,0.89,CN,1702069382
90,weno,7.4515,151.8468,27.68,80,100,6.86,FM,1702069382
91,cinarli,41.4723,46.9156,4.09,95,98,0.85,AZ,1702069158
92,klyuchi,52.2667,79.1667,-24.43,75,11,2.71,RU,1702069383
93,port lincoln,-34.7333,135.8667,15.55,86,100,6.79,AU,1702069383
94,toledo,39.8333,-4.0,10.18,87,22,3.4,ES,1702069141
95,teguise,29.0605,-13.564,17.12,72,20,2.57,ES,1702069277
96,boende,-0.2167,20.8667,22.56,93,22,0.09,CD,1702069385
97,invercargill,-46.4,168.35,16.87,46,100,6.9,NZ,1702069385
98,bartica,6.4,-58.6167,28.18,95,100,1.76,GY,1702069385
99,chadan,51.2833,91.5833,-21.97,98,100,0.7,RU,1702069386
100,arteche,12.2645,125.4048,26.18,84,24,3.05,PH,1702069387
101,bredasdorp,-34.5322,20.0403,16.64,86,100,6.35,ZA,1702069388
102,badger,64.8,-147.5333,-18.69,85,100,0.0,US,1702069235
103,vikulovo,56.8167,70.6107,-26.86,90,100,3.48,RU,1702069394
104,holualoa,19.6228,-155.9522,25.86,72,40,3.09,US,1702069396
105,knittelfeld,47.2167,14.8167,-4.16,92,75,0.0,AT,1702069403
106,nova vicosa,-17.8919,-39.3719,26.13,74,76,6.7,BR,1702069406
107,salinopolis,-0.6136,-47.3561,27.94,76,55,4.73,BR,1702069411
108,san jose de jachal,-30.2406,-68.7469,29.41,29,0,8.12,AR,1702069412
109,khovd,48.0056,91.6419,-13.72,71,18,1.1,MN,1702069412
110,talnakh,69.4865,88.3972,-34.12,81,50,1.66,RU,1702069413
111,nuuk,64.1835,-51.7216,-0.66,86,20,4.63,GL,1702069413
112,port-vila,-17.7338,168.3219,25.78,78,75,5.14,VU,1702069345
113,nova sintra,14.8667,-24.7167,22.75,68,0,4.26,CV,1702069414
114,forster,-32.1667,152.5167,26.88,74,3,3.91,AU,1702069414
115,inhambane,-23.865,35.3833,24.97,79,2,5.51,MZ,1702069415
116,bazas,44.432,-0.2133,8.6,98,90,2.52,FR,1702069415
117,himimachi,36.85,136.9833,10.36,59,0,2.18,JP,1702069416
118,kyren,51.6828,102.1408,-23.36,95,71,0.45,RU,1702069143
119,rio grande,-32.035,-52.0986,23.06,66,0,5.8,BR,1702069416
120,atafu village,-8.5421,-172.5159,27.59,82,100,4.01,TK,1702069417
121,constantia,44.1833,28.65,0.39,83,100,7.93,RO,1702069417
122,qingnian,36.8456,115.7117,7.52,43,0,3.77,CN,1702069417
123,hithadhoo,-0.6,73.0833,27.95,78,83,4.52,MV,1702069418
124,ujae,8.9322,165.7642,27.74,76,97,9.11,MH,1702069418
125,polyarnyy,69.1989,33.4478,-12.47,92,92,9.4,RU,1702069130
126,kirensk,57.7853,108.1119,-43.91,100,68,0.89,RU,1702069419
127,lebu,-37.6167,-73.65,13.86,72,3,8.06,CL,1702069419
128,necochea,-38.5473,-58.7368,18.21,52,0,8.81,AR,1702069420
129,lompoc,34.6391,-120.4579,21.5,41,0,10.29,US,1702069420
130,alappuzha,9.49,76.3264,26.28,85,98,3.97,IN,1702069420
131,addiet canna,11.2667,37.4833,13.59,52,6,2.7,ET,1702069421
132,bakshwaho,24.25,79.3,19.17,59,88,1.35,IN,1702069422
133,sao vicente,-23.9631,-46.3919,27.1,59,100,1.03,BR,1702069408
134,danville,36.586,-79.395,17.36,29,0,2.06,US,1702069335
135,mazagao,-0.115,-51.2894,31.03,65,81,2.89,BR,1702069422
136,fiambala,-27.6871,-67.6149,28.03,36,0,5.45,AR,1702069423
137,tiksi,71.6872,128.8694,-29.82,100,100,2.17,RU,1702069423
138,whitehorse,60.7161,-135.0538,-4.57,80,75,9.26,CA,1702069344
139,verkhotur'ye,58.8627,60.8054,-32.83,99,24,1.57,RU,1702069424
140,cabo san lucas,22.8909,-109.9124,29.23,70,0,1.34,MX,1702069031
141,zhigalovo,54.8097,105.1578,-35.83,99,20,0.33,RU,1702069424
142,fada,9.5667,8.3,22.35,24,100,1.99,NG,1702069424
143,peace river,56.2501,-117.286,-5.83,93,75,3.09,CA,1702069425
144,ola,59.5833,151.2833,-10.56,86,100,3.44,RU,1702069425
145,lodwar,3.1191,35.5973,28.26,52,5,3.48,KE,1702069425
146,katabu,-4.9333,122.5167,24.97,92,95,0.61,ID,1702069425
147,port saint john's,-31.6229,29.5448,21.12,84,65,3.36,ZA,1702069426
148,jijiga,9.35,42.8,14.94,63,0,3.2,ET,1702069426
149,afaahiti,-17.75,-149.2833,26.93,95,100,9.01,PF,1702069426
150,sinabang,2.4803,96.3801,26.16,85,99,1.85,ID,1702069427
151,avarua,-21.2078,-159.775,27.03,69,40,8.23,CK,1702069427
152,mugia,43.1041,-9.2179,14.95,91,100,13.01,ES,1702069427
153,kone,-21.0595,164.8658,25.02,60,100,4.49,NC,1702069428
154,couzeix,45.8705,1.2383,6.26,100,75,2.57,FR,1702069428
155,georgetown,5.4112,100.3354,26.96,79,20,2.06,MY,1702069249
156,codrington,-38.2667,141.9667,13.67,97,100,2.78,AU,1702069429
157,coquimbo,-29.9533,-71.3436,18.85,68,0,5.66,CL,1702069401
158,norilsk,69.3535,88.2027,-33.15,88,51,1.36,RU,1702069429
159,bonthe,7.5264,-12.505,27.06,78,8,2.49,SL,1702069429
160,yakeshi,49.2833,120.7333,-33.22,100,100,2.93,CN,1702069430
161,island harbour,50.724,-1.2758,10.04,86,92,2.24,GB,1702069430
162,gadzhiyevo,69.2551,33.3362,-12.49,91,96,9.46,RU,1702069430
163,alice springs,-23.7,133.8833,23.75,64,1,3.6,AU,1702069431
164,nogliki,51.8333,143.1667,-8.14,87,100,2.24,RU,1702069431
165,irymple,-34.25,142.1667,24.49,60,64,0.45,AU,1702069431
166,iskateley,67.6803,53.1512,-18.05,92,100,3.62,RU,1702069432
167,hawera,-39.5917,174.2833,17.35,65,28,4.14,NZ,1702069432
168,chonchi,-42.6128,-73.8092,12.84,69,96,2.74,CL,1702069432
169,san antonio de pale,-1.4014,5.6325,27.25,79,84,2.73,GQ,1702069432
170,kenai,60.5544,-151.2583,-5.95,85,40,2.06,US,1702069433
171,capao da canoa,-29.7456,-50.0097,19.41,81,58,1.69,BR,1702069262
172,kourou,5.1552,-52.6478,29.03,91,91,4.2,GF,1702069210
173,mossel bay,-34.1831,22.146,18.96,86,75,6.94,ZA,1702069434
174,banes,20.9625,-75.7186,25.63,73,89,6.42,CU,1702069434
175,darnah,32.767,22.6367,15.65,57,93,4.73,LY,1702069434
176,mamuju,-2.6748,118.8885,25.98,83,99,1.3,ID,1702069434
177,hami,42.8,93.45,-1.25,46,75,2.33,CN,1702069435
178,minas de marcona,-15.2119,-75.1103,18.69,64,50,8.1,PE,1702069435
179,dongola,19.1667,30.4833,18.92,21,19,3.44,SD,1702069435
180,hilo,19.7297,-155.09,25.85,76,40,2.06,US,1702069136
181,luanda,-8.8368,13.2343,26.0,80,75,4.12,AO,1702069338
182,petropavlovsk-kamchatsky,53.0452,158.6483,-4.75,76,20,8.49,RU,1702069436
183,baharly,38.4362,57.4316,6.34,46,18,2.57,TM,1702069436
184,aden,12.7794,45.0367,26.3,61,27,5.88,YE,1702069436
185,carinhanha,-14.3047,-43.765,32.11,26,100,0.87,BR,1702069437
186,xinyuan,37.3,99.0,-8.74,28,37,0.52,CN,1702069437
187,strezhevoy,60.7333,77.5889,-21.77,97,100,2.62,RU,1702069437
188,labrador city,52.9463,-66.9114,-9.05,62,40,6.69,CA,1702069438
189,taitung city,22.7583,121.1444,21.0,67,40,2.05,TW,1702069438
190,lang son,21.8333,106.7333,16.2,80,7,1.18,VN,1702069438
191,fauske,67.2588,15.3918,0.02,80,100,4.43,NO,1702069438
192,castillos,-34.1667,-53.8333,17.54,67,1,3.91,UY,1702069439
193,kalach,50.4258,41.0261,-4.43,59,100,7.79,RU,1702069439
194,puerto baquerizo moreno,-0.9,-89.6,26.55,78,40,6.69,EC,1702069439
195,hotan,37.0997,79.9269,4.28,20,100,2.74,CN,1702069439
196,olyokminsk,60.3736,120.4264,-35.46,92,98,1.92,RU,1702069440
197,mariental,-24.6333,17.9667,28.29,9,5,9.11,NA,1702069440
198,nishinoomote,30.7333,131.0,17.7,69,99,2.67,JP,1702069440
199,palangkaraya,-2.2,113.8333,23.5,97,93,0.33,ID,1702069441
200,chibougamau,49.9168,-74.3659,-12.21,79,0,2.57,CA,1702069358
201,isafjordur,66.0755,-23.124,-3.63,68,2,0.86,IS,1702069441
202,la'ie,21.6477,-157.9253,28.98,71,14,0.89,US,1702069442
203,gafanha da nazare,40.6362,-8.7134,13.9,93,100,4.04,PT,1702069442
204,sanandaj,35.3144,46.9923,2.01,60,0,0.0,IR,1702069442
205,miquelon,47.0975,-56.3814,1.0,70,98,15.98,PM,1702069443
206,ribeira grande,38.5167,-28.7,18.22,94,75,9.26,PT,1702069444
207,lucaya,26.5333,-78.6667,23.96,57,75,5.66,BS,1702069444
208,lebrija,36.9208,-6.0753,14.4,100,40,0.51,ES,1702069444
209,arraial do cabo,-22.9661,-42.0278,26.98,89,75,4.12,BR,1702069445
210,ulaangom,49.9811,92.0667,-18.35,86,95,2.71,MN,1702069279
211,aykhal,66.0,111.5,-27.37,97,100,2.55,RU,1702069446
212,priozersk,61.0393,30.1291,-7.16,80,100,5.39,RU,1702069253
213,withernsea,53.7311,0.0335,8.38,87,80,7.89,GB,1702069448
214,stiens,53.2623,5.7577,7.99,94,100,4.12,NL,1702069450
215,lubao,14.9167,120.55,25.84,92,20,0.7,PH,1702069450
216,iquique,-20.2208,-70.1431,21.02,69,17,3.76,CL,1702069375
217,charkhi dadri,28.6,76.2667,15.44,31,0,1.23,IN,1702069451
218,kupang,-10.1667,123.5833,25.32,100,100,0.0,ID,1702069452
219,kpandae,8.4689,-0.0113,29.51,18,59,2.37,GH,1702069452
220,nadym,65.5333,72.5167,-36.1,100,11,2.25,RU,1702069453
221,catia la mar,10.6038,-67.0303,30.11,70,40,2.06,VE,1702069453
222,punta arenas,-53.15,-70.9167,14.06,58,0,4.63,CL,1702069374
223,bondo,3.8146,23.6866,21.09,73,68,0.61,CD,1702069454
224,sur,22.5667,59.5289,24.36,47,5,1.45,OM,1702069454
225,thompson,55.7435,-97.8558,-6.91,93,100,4.12,CA,1702069231
226,callao,-12.0667,-77.15,22.16,73,40,6.69,PE,1702069455
227,natal,-5.795,-35.2094,28.12,74,20,6.17,BR,1702069455
228,happy valley-goose bay,53.3168,-60.3315,2.17,60,75,13.89,CA,1702069455
229,severo-yeniseyskiy,60.3725,93.0408,-28.57,95,100,0.89,RU,1702069456
230,yaren,-0.5472,166.916,28.18,76,77,5.16,NR,1702069456
231,novyy urengoy,66.0833,76.6333,-33.21,98,8,3.87,RU,1702069242
232,navojoa,27.1,-109.4333,28.9,29,0,1.79,MX,1702069388
233,aleysk,52.4926,82.7822,-27.43,97,7,1.4,RU,1702069457
234,eydhafushi,5.1033,73.0708,28.46,73,100,6.77,MV,1702069457
235,sokoni,-6.4333,39.55,24.92,84,24,3.05,TZ,1702069457
236,delijan,33.9905,50.6838,9.66,46,84,0.94,IR,1702069458
237,ungureni-jianu,47.8833,26.7833,-0.9,88,18,1.4,RO,1702069458
238,banjar,-8.19,114.9675,27.54,78,100,4.61,ID,1702069458
239,alto barinas,8.5931,-70.2261,30.31,57,100,2.34,VE,1702069459
240,tostado,-29.232,-61.7692,28.88,49,0,0.45,AR,1702069459
241,margate,51.3813,1.3862,9.94,84,100,2.68,GB,1702069459
242,fort bragg,35.139,-79.006,16.85,33,0,3.09,US,1702069459
243,walvis bay,-22.9575,14.5053,17.53,82,7,1.03,NA,1702069460
244,eyl,7.9803,49.8164,24.51,71,25,7.44,SO,1702069258
245,fyodorovka,53.6314,62.7078,-24.39,93,5,2.54,KZ,1702069460
246,nyandoma,61.669,40.1991,-20.7,98,82,2.39,RU,1702069460
247,bengkulu,-3.8004,102.2655,23.61,92,100,0.88,ID,1702069461
248,kembe,4.6228,21.8865,23.46,67,13,0.87,CF,1702069461
249,xai-xai,-25.0519,33.6442,24.6,73,22,4.7,MZ,1702069462
250,whangarei,-35.7317,174.3239,20.34,53,5,1.92,NZ,1702069462
251,lepsy,46.235,78.9456,-8.64,54,100,6.62,KZ,1702069462
252,fisterra,42.9049,-9.2629,14.86,88,100,14.89,ES,1702069463
253,udachny,66.4167,112.4,-27.49,96,100,3.23,RU,1702069463
254,quellon,-43.1167,-73.6167,11.53,70,100,2.73,CL,1702069463
255,ishinomaki,38.4167,141.3,8.71,75,5,3.0,JP,1702069323
256,vorkuta,67.5,64.0,-23.37,99,100,2.01,RU,1702069464
257,mount gambier,-37.8333,140.7667,13.36,98,100,1.69,AU,1702069464
258,pembroke,45.8168,-77.1162,-3.01,90,100,3.02,CA,1702069240
259,menasha,44.2022,-88.4465,13.05,74,40,6.17,US,1702069465
260,port hedland,-20.3167,118.5667,29.03,34,6,4.63,AU,1702069360
261,tionk essil,12.7856,-16.5217,25.96,67,34,4.23,SN,1702069466
262,kuta,-8.7233,115.1723,26.97,88,20,2.24,ID,1702069466
263,aswan,24.0934,32.907,20.61,30,0,4.63,EG,1702069300
264,port alfred,-33.5906,26.891,19.54,96,96,0.45,ZA,1702069467
265,qingyuan,23.7,113.0333,18.99,85,55,1.11,CN,1702069467
266,belabo,4.9333,13.3,22.56,78,96,0.57,CM,1702069468
267,saudarkrokur,65.7461,-19.6394,-6.76,55,0,2.97,IS,1702069468
268,tura,25.5198,90.2201,14.98,92,9,2.07,IN,1702069468
269,pooler,32.1155,-81.2471,20.04,58,75,4.12,US,1702069468
270,nieuw amsterdam,5.8833,-55.0833,28.34,80,40,3.09,SR,1702069469
271,carutapera,-1.195,-46.02,28.07,77,93,5.99,BR,1702069469
272,magadan,59.5667,150.8,-11.97,89,100,1.92,RU,1702069470
273,vilyuysk,63.7553,121.6247,-31.5,98,99,2.32,RU,1702069470
274,the pas,53.8251,-101.2541,-6.99,86,0,4.63,CA,1702069240
275,cannonvale,-20.2833,148.7,26.66,64,79,4.07,AU,1702069471
276,porto novo,6.4965,2.6036,28.9,77,58,3.81,BJ,1702069383
277,wasagu,11.3764,5.7954,23.19,17,63,2.66,NG,1702069471
278,kalmunai,7.4167,81.8167,24.77,92,100,2.37,LK,1702069471
279,almyros,39.1822,22.7594,9.61,66,75,3.6,GR,1702069472
280,basco,20.4487,121.9702,25.99,83,29,6.33,PH,1702069472
281,saint-philippe,-21.3585,55.7679,25.77,88,93,1.26,RE,1702069472
282,praia da vitoria,38.7333,-27.0667,20.14,88,75,9.28,PT,1702069473
283,prince rupert,54.3161,-130.3201,4.83,84,75,7.2,CA,1702069177
284,haiku-pauwela,20.9219,-156.3051,27.32,60,20,4.63,US,1702069473
285,ancud,-41.8697,-73.8203,10.83,77,23,8.76,CL,1702069473
286,tolanaro,-25.0319,46.9987,24.04,88,40,8.23,MG,1702069474
287,dazhou,31.2159,107.5009,11.92,73,67,1.03,CN,1702069474
288,luwuk,-0.9516,122.7875,26.19,82,100,1.76,ID,1702069474
289,bayanhongor,46.7167,100.1167,-22.95,79,15,2.15,MN,1702069474
290,taunggyi,20.7833,97.0333,15.2,97,64,1.96,MM,1702069475
291,caconda,-13.7333,15.0667,16.55,88,74,1.3,AO,1702069475
292,ciudad lazaro cardenas,17.9583,-102.2,29.2,58,6,2.95,MX,1702069419
293,carnarvon,-24.8667,113.6333,23.52,53,0,13.24,AU,1702069476
294,nantucket,41.2835,-70.0995,5.08,71,0,0.0,US,1702069429
295,geraldton,-28.7667,114.6,19.23,45,0,8.23,AU,1702069476
296,ghat,24.9647,10.1728,16.86,32,86,1.63,LY,1702069344
297,lucas,41.6501,-83.6666,13.08,58,75,5.66,US,1702069477
298,maragogi,-9.0122,-35.2225,26.16,77,97,4.35,BR,1702069477
299,taltal,-25.4,-70.4833,17.05,84,60,5.52,CL,1702069220
300,qaqortoq,60.7167,-46.0333,1.7,61,100,5.73,GL,1702069478
301,sirte,31.2089,16.5887,17.45,53,100,4.29,LY,1702069478
302,kwang binh,17.4833,106.6,20.2,95,100,1.88,VN,1702069478
303,juneau,58.3019,-134.4197,3.01,100,100,5.04,US,1702069243
304,phitsanulok,16.9167,100.5,21.01,89,52,1.2,TH,1702069479
305,nikolayevsk-on-amure,53.1406,140.73,-10.14,96,100,0.8,RU,1702069479
306,lao cai,22.4833,103.95,22.1,98,100,0.97,VN,1702069479
307,westport,41.1415,-73.3579,8.75,70,76,1.34,US,1702069479
308,kamakwie,9.5,-12.2333,26.47,54,5,1.35,SL,1702069480
309,harstad,68.799,16.5293,-0.47,74,100,14.75,NO,1702069480
310,stettler,52.3168,-112.7186,-2.36,100,100,3.09,CA,1702069427
311,okola,4.0167,11.3833,22.25,94,54,1.89,CM,1702069480
312,sukhodol,53.9006,51.2117,-26.96,100,6,1.58,RU,1702069481
313,tommot,58.9564,126.2925,-31.3,96,100,3.24,RU,1702069481
314,zaysan,47.4667,84.8667,-12.48,88,100,0.99,KZ,1702069481
315,puerto aysen,-45.4,-72.7,16.81,72,58,2.78,CL,1702069423
316,rakitnoye,50.8389,35.8515,-4.52,95,100,6.45,RU,1702069482
317,ouddorp,51.8117,3.9347,8.99,89,100,10.55,NL,1702069482
318,port isabel,26.0734,-97.2086,28.05,73,75,8.75,US,1702069483
319,techiman,7.5862,-1.9414,26.49,43,100,0.97,GH,1702069389
320,ugoofaaru,5.6667,73.0,28.14,75,100,7.1,MV,1702069483
321,kanel,15.4916,-13.1763,29.03,13,7,4.4,SN,1702069483
322,yeed,4.55,43.0333,26.73,36,4,3.92,SO,1702069483
323,muang phonsavan,19.45,103.2167,14.98,98,31,0.84,LA,1702069484
324,rakops,-21.0167,24.3333,25.09,60,100,3.63,BW,1702069484
325,bubaque,11.2833,-15.8333,28.22,64,0,4.71,GW,1702069484
326,merizo village,13.2658,144.6691,26.31,95,92,5.97,GU,1702069484
327,agropoli,40.3469,14.9966,10.6,52,100,4.73,IT,1702069485
328,kununurra,-15.7667,128.7333,26.99,89,100,1.54,AU,1702069485
329,wakkanai,45.4094,141.6739,7.27,80,100,6.26,JP,1702069486
330,arbelaez,4.2725,-74.4151,24.93,54,70,1.1,CO,1702069486
331,ibitinga,-21.7578,-48.8289,32.25,41,17,4.06,BR,1702069318
332,tippi,7.2,35.45,17.52,85,4,1.68,ET,1702069486
333,cabedelo,-6.9811,-34.8339,28.37,73,90,4.79,BR,1702069243
334,mogocha,53.7333,119.7667,-24.29,83,100,2.51,RU,1702069487
335,bantay,17.5847,120.3892,27.44,73,9,2.03,PH,1702069487
336,tazacorte,28.629,-17.9293,19.54,71,20,4.63,ES,1702069487
337,ati,13.2154,18.3353,23.25,12,100,4.4,TD,1702069488
338,general jose de san martin,-26.5374,-59.3416,27.04,60,0,3.52,AR,1702069488
339,broken hill,-31.95,141.4333,30.8,19,62,7.34,AU,1702069359
340,chiredzi,-21.05,31.6667,24.26,44,8,2.41,ZW,1702069488
341,edd,13.9297,41.6925,27.67,51,57,2.55,ER,1702069489
342,kota belud,6.351,116.4305,26.53,79,96,2.73,MY,1702069489
343,bang saphan,11.2126,99.5117,23.2,91,34,0.89,TH,1702069489
344,atherton,53.5237,-2.4935,8.57,91,100,1.34,GB,1702069490
345,novodvinsk,64.4165,40.8122,-20.14,99,53,2.41,RU,1702069490
346,luderitz,-26.6481,15.1594,15.59,88,0,11.34,NA,1702069490
347,el galpon,-25.3807,-64.6526,31.57,27,67,3.48,AR,1702069490
348,the bottom,17.6259,-63.2492,26.07,78,8,9.66,BQ,1702069274
349,maracaibo,10.6317,-71.6406,30.26,62,93,5.15,VE,1702069166
350,kerikeri,-35.2268,173.9474,20.51,76,4,2.96,NZ,1702069491
351,fortuna,40.5982,-124.1573,12.18,72,0,3.6,US,1702069491
352,toliara,-23.35,43.6667,25.12,68,3,2.76,MG,1702069491
353,matoury,4.8483,-52.3317,27.98,83,75,4.63,GF,1702069492
354,auki,-8.7676,160.7034,27.28,80,82,4.39,SB,1702069492
355,ebon,4.582,168.6964,27.92,76,100,7.31,MH,1702069492
356,uba,-21.12,-42.9428,21.8,89,87,6.08,BR,1702069429
357,kuala tungkal,-0.8167,103.4667,23.91,98,100,1.06,ID,1702069492
358,miyang,24.4042,103.4428,14.88,97,90,2.56,CN,1702069493
359,bikenibeu village,1.3673,173.1241,27.98,83,75,3.6,KI,1702069493
360,vernon,50.2581,-119.2691,6.53,67,41,1.54,CA,1702069487
361,zaqatala,41.6336,46.6433,6.26,100,100,2.06,AZ,1702069494
362,charters towers,-20.1,146.2667,23.49,61,2,4.05,AU,1702069494
363,el granada,37.5027,-122.4694,15.62,61,0,7.2,US,1702069494
364,thinadhoo,0.5333,72.9333,26.75,84,100,4.72,MV,1702069494
365,remire-montjoly,4.9167,-52.2667,28.02,83,75,4.63,GF,1702069494
366,lihue,21.9789,-159.3672,27.42,61,20,3.09,US,1702069495
367,patterson,37.4716,-121.1297,13.89,60,68,6.55,US,1702069495
368,hirado,33.3597,129.5531,12.44,74,100,8.96,JP,1702069495
369,hammerfest,70.6634,23.6821,-4.75,68,0,8.23,NO,1702069272
370,mejit,10.2753,170.8646,28.07,63,100,8.39,MH,1702069496
371,tsengel,49.4783,100.8894,-21.38,90,7,1.65,MN,1702069496
372,yarmouth,41.7057,-70.2286,5.08,76,0,0.45,US,1702069496
373,viedma,-40.8135,-62.9967,22.11,39,7,9.45,AR,1702069497
374,riviere-du-loup,47.8304,-69.5342,-4.51,79,0,2.57,CA,1702069258
375,tanaina,61.6269,-149.4281,-7.4,88,100,0.0,US,1702069497
376,berberati,4.2612,15.7922,22.53,71,29,0.55,CF,1702069497
377,urangan,-25.3,152.9,24.61,66,67,6.76,AU,1702069498
378,idri,27.5,13.2667,14.74,54,99,3.26,LY,1702069498
379,kuqa,41.7278,82.9364,1.11,50,100,1.84,CN,1702069498
380,mermoz boabab,14.7065,-17.4758,24.88,73,0,3.09,SN,1702069498
381,tuburan,6.6439,122.2736,27.71,77,26,1.74,PH,1702069499
382,horta,38.5333,-28.6333,17.8,92,75,9.26,PT,1702069499
383,east london,-33.0153,27.9116,20.92,83,99,3.49,ZA,1702069499
384,catriel,-37.8791,-67.7956,25.94,46,70,14.12,AR,1702069499
385,agat village,13.3886,144.6585,26.52,91,100,4.12,GU,1702069500
386,yuzhno-kurilsk,44.0306,145.8556,3.54,89,90,4.76,RU,1702069500
387,anacapri,40.5558,14.2136,10.84,70,100,4.58,IT,1702069414
388,severobaykal'sk,55.65,109.3167,-26.94,86,17,3.23,RU,1702069501
389,kisesa,-3.0833,34.15,18.52,87,91,2.55,TZ,1702069501
390,kapuskasing,49.4169,-82.4331,1.05,93,100,6.17,CA,1702069501
391,corinto,37.9407,22.9573,10.5,65,6,1.84,GR,1702069502
392,crucecita,-28.95,-58.9833,23.97,61,0,4.75,AR,1702069502
393,uruguaiana,-29.7547,-57.0883,26.96,36,0,9.26,BR,1702069352
394,tres arroyos,-38.3739,-60.2798,27.61,29,85,6.13,AR,1702069502
395,greymouth,-42.4667,171.2,14.18,75,100,1.03,NZ,1702069503
396,burgersdorp,-30.9977,26.3286,17.98,70,2,5.31,ZA,1702069503
397,la passe,45.5549,-0.8967,9.99,86,100,3.97,FR,1702069503
398,makueni boma,-1.8041,37.6203,17.56,92,32,1.78,KE,1702069504
399,kalachinsk,55.0529,74.5751,-26.86,89,100,3.76,RU,1702069504
400,lospalos,-8.5186,127.0025,22.74,91,50,0.38,TL,1702069504
401,trincomalee,8.5711,81.2335,24.0,97,100,0.99,LK,1702069505
402,rumbek,6.802,29.6912,27.63,27,15,1.83,SS,1702069505
403,vredendal,-31.6683,18.5012,16.99,88,30,3.52,ZA,1702069505
404,bayamo,20.3792,-76.6433,26.95,65,47,6.75,CU,1702069506
405,tanout,14.9709,8.8879,21.24,14,98,4.82,NE,1702069506
406,santa elena de uairen,4.6167,-61.1333,24.73,74,57,3.11,VE,1702069507
407,flying fish cove,-10.4217,105.6791,24.82,88,75,4.63,CX,1702069507
408,faya-largeau,17.9257,19.1043,22.08,17,100,5.14,TD,1702069507
409,chui,-33.6971,-53.4616,17.7,72,0,4.66,UY,1702069507
410,salamina,37.9643,23.4965,11.81,63,40,0.0,GR,1702069508
411,saint-denis,48.9167,2.3333,8.95,91,0,3.6,FR,1702069508
412,kuusamo,65.9667,29.1833,-18.98,84,100,2.06,FI,1702069508
413,santiago,-33.4569,-70.6483,28.52,32,0,8.23,CL,1702069357
414,amursk,50.2261,136.8994,-13.34,98,97,0.16,RU,1702069509
415,san jose del cabo,23.0589,-109.6977,29.6,52,0,5.14,MX,1702069475
416,kaoma,-14.7833,24.8,21.46,72,100,2.57,ZM,1702069509
417,nar'yan-mar,67.6713,53.087,-17.98,91,100,3.67,RU,1702069510
418,vorgashor,67.5833,63.95,-22.68,100,100,1.44,RU,1702069510
419,boone,39.0334,-92.3335,17.47,83,100,5.09,US,1702069453
420,olinda,-8.0089,-34.8553,27.85,69,20,4.12,BR,1702069328
421,martapura,-3.4167,114.85,26.05,100,100,1.54,ID,1702069491
422,ilha de mocambique,-15.0342,40.7358,24.97,88,8,1.52,MZ,1702069511
423,rudbar,30.15,62.6,13.64,21,0,1.46,AF,1702069512
424,kaa-khem,51.6833,94.7333,-23.66,90,100,0.6,RU,1702069512
425,tual,-5.6667,132.75,28.77,74,51,2.57,ID,1702069512
426,mayahi,13.9553,7.6712,21.68,13,56,4.68,NE,1702069513
427,bowling green,36.9903,-86.4436,17.41,51,100,5.66,US,1702069426
428,luanco,43.6152,-5.7934,14.71,69,100,4.03,ES,1702069513
429,noumea,-22.2763,166.4572,26.67,99,100,8.37,NC,1702069235
430,erenhot,43.6475,111.9767,-10.52,57,37,2.83,CN,1702069514
431,goundam,16.4145,-3.6708,25.55,12,61,3.83,ML,1702069514
432,onega,63.9061,38.1404,-20.93,98,64,3.1,RU,1702069514
433,tangalle,6.024,80.7911,24.41,90,69,1.29,LK,1702069515
434,misratah,32.3754,15.0925,18.03,44,100,5.68,LY,1702069515
435,changyon,38.2508,125.0961,7.01,94,2,1.25,KP,1702069516
436,trairi,-3.2778,-39.2689,27.29,75,87,6.55,BR,1702069443
437,pisco,-13.7,-76.2167,22.03,68,0,10.8,PE,1702069516
438,viqueque,-8.8673,126.3658,25.38,88,99,0.94,TL,1702069516
439,jianguang,28.1938,115.7836,16.56,59,100,2.8,CN,1702069517
440,papao,-17.75,-149.55,27.82,86,100,8.58,PF,1702069517
441,mount isa,-20.7333,139.5,23.87,69,0,0.0,AU,1702069517
442,danilovka,50.3557,44.1168,-6.22,60,100,6.87,RU,1702069517
443,key west,24.5557,-81.7826,26.11,67,0,4.63,US,1702069512
444,tamanrasset,22.785,5.5228,14.95,15,0,1.54,DZ,1702069346
445,tchibanga,-2.85,11.0333,22.67,97,100,0.62,GA,1702069519
446,sijunjung,-0.6876,100.9537,22.96,99,99,0.69,ID,1702069519
447,bardai,11.65,7.2333,21.73,17,100,3.8,NG,1702069520
448,nacala,-14.5428,40.6728,26.41,85,6,3.02,MZ,1702069520
449,sittwe,20.15,92.9,23.47,91,48,2.94,MM,1702069521
450,prymors'k,46.7348,36.3443,4.19,89,100,10.45,UA,1702069521
451,saguenay,48.4168,-71.0657,-7.55,73,20,1.03,CA,1702069521
452,qamdo,31.1667,97.2333,-7.58,75,4,2.43,CN,1702069521
453,turan,16.0678,108.2208,20.99,94,20,0.51,VN,1702069388
454,buka,40.8108,69.1986,3.06,82,100,2.62,UZ,1702069522
455,alpine,32.835,-116.7664,20.5,48,3,1.79,US,1702069522
456,northam,51.0333,-4.2167,10.92,92,32,7.91,GB,1702069522
457,belyy yar,53.6039,91.3903,-29.06,76,85,0.0,RU,1702069523
458,narvik,68.4384,17.4272,-1.33,71,100,4.09,NO,1702069523
459,rongelap,11.1635,166.8941,27.56,71,81,7.98,MH,1702069523
460,madikeri,12.4167,75.7333,17.21,99,95,0.55,IN,1702069523
461,usinsk,65.9939,57.5281,-27.74,100,99,1.79,RU,1702069524
462,kaduna,10.5222,7.4383,24.06,19,100,3.34,NG,1702069524
463,queenstown,-31.8976,26.8753,16.53,78,100,4.33,ZA,1702069379
464,talakan,50.3167,130.3667,-20.42,97,98,2.63,RU,1702069524
465,khanty-mansiysk,61.0042,69.0019,-26.94,69,40,2.0,RU,1702069525
466,tamala,52.541,43.2515,-14.33,90,100,5.07,RU,1702069525
467,celestun,20.8667,-90.4,26.85,62,93,4.4,MX,1702069525
468,boguchany,58.3814,97.4531,-27.3,88,100,0.89,RU,1702069525
469,selkirk,50.1436,-96.8845,1.16,96,100,3.58,CA,1702069330
470,sinop,41.7711,34.8709,9.19,91,100,0.43,TR,1702069526
471,rabaul,-4.1967,152.1721,26.56,82,100,2.56,PG,1702069526
472,susuman,62.7833,148.1667,-24.45,95,100,0.45,RU,1702069526
473,turochak,52.2576,87.1224,-24.62,100,96,0.98,RU,1702069527
474,jabat,7.75,168.9751,27.53,78,100,8.59,MH,1702069527
475,azadshahr,34.7909,48.5707,0.27,64,0,2.06,IR,1702069528
476,touros,-5.1989,-35.4608,26.74,73,100,6.97,BR,1702069451
477,kingaroy,-26.5333,151.8333,19.59,82,78,3.7,AU,1702069528
478,xiva,41.3783,60.3639,-7.01,34,80,4.76,UZ,1702069529
479,paita,-5.0892,-81.1144,23.22,74,23,8.32,PE,1702069529
480,raja,8.4596,25.678,25.32,22,95,2.02,SS,1702069529
481,naze,28.3667,129.4833,18.51,66,14,3.01,JP,1702069530
482,gebeit,21.0667,36.3167,23.75,68,99,2.48,SD,1702069530
483,nueva esperanza,15.2667,-87.6,26.79,75,41,1.98,HN,1702069530
484,acapulco de juarez,16.8634,-99.8901,30.9,62,20,5.66,MX,1702069424
485,newport,51.5877,-2.9984,9.3,87,75,7.66,GB,1702069531
486,odda,60.0691,6.5457,3.21,94,100,3.59,NO,1702069532
487,freetown,8.484,-13.2299,27.84,83,75,3.09,SL,1702069532
488,tabou,4.423,-7.3528,26.97,78,2,2.83,CI,1702069532
489,mount pearl,47.5166,-52.7813,1.03,80,75,12.35,CA,1702069533
490,bongor,10.2806,15.3722,25.03,18,47,3.26,TD,1702069533
491,lamu,-2.2717,40.902,27.12,84,22,5.24,KE,1702069533
492,burao,9.5221,45.5336,16.61,56,6,3.95,SO,1702069534
493,sao sepe,-30.1606,-53.5653,22.67,63,2,3.11,BR,1702069534
494,tsiombe,-25.3,45.4833,23.54,89,79,1.62,MG,1702069534
495,ketchikan,55.3422,-131.6461,4.99,87,75,2.06,US,1702069534
496,bonne terre,37.9231,-90.5554,15.01,78,100,4.98,US,1702069535
497,katsuura,35.1333,140.3,13.61,72,0,5.13,JP,1702069535
498,fort-de-france,14.6089,-61.0733,24.97,88,75,7.2,MQ,1702069536
499,anamur,36.0751,32.8369,15.59,83,100,0.69,TR,1702069536
500,tumpat,6.1978,102.171,24.99,94,20,0.51,MY,1702069536
501,howard springs,-12.497,131.047,26.95,96,100,1.5,AU,1702069537
502,mangrol,21.1167,70.1167,21.59,58,1,5.64,IN,1702069537
503,palopo,-2.9996,120.1921,25.49,86,100,0.84,ID,1702069537
504,villa regina,-39.1,-67.0667,26.1,15,100,3.58,AR,1702069537
505,as sulayyil,20.4607,45.5779,17.14,33,27,3.54,SA,1702069339
506,morondava,-20.2833,44.2833,25.76,88,3,1.43,MG,1702069538
507,inarajan village,13.2736,144.7484,26.54,95,31,6.27,GU,1702069538
508,ar ruways,24.1103,52.7306,22.16,72,25,2.04,AE,1702069538
509,labuan bajo,-8.4964,119.8877,26.29,87,100,3.72,ID,1702069539
510,"laikit, laikit ii (dimembe)",1.4792,124.9735,24.47,89,40,0.51,ID,1702069539
511,laojunmiao,39.8333,97.7333,-1.48,36,73,3.21,CN,1702069539
512,magdagachi,53.45,125.8,-23.09,94,100,3.3,RU,1702069540
513,palikir - national government center,6.9248,158.1611,26.47,89,100,4.63,FM,1702069540
514,waingapu,-9.6567,120.2641,26.67,84,100,1.74,ID,1702069540
515,san luis de la loma,17.2706,-100.8939,29.39,61,3,2.97,MX,1702069541
516,mar del plata,-38.0023,-57.5575,18.79,69,0,7.6,AR,1702069541
517,timmins,48.4669,-81.3331,-1.1,86,100,6.17,CA,1702069412
518,timimoun,29.2639,0.231,18.21,34,0,2.06,DZ,1702069541
519,kattivakkam,13.2167,80.3167,26.05,88,10,3.13,IN,1702069542
520,kuanda,56.3161,116.0806,-35.09,93,50,0.45,RU,1702069542
521,san patricio,28.017,-97.5169,29.05,48,3,6.17,US,1702069542
522,saint-pierre,-21.3393,55.4781,25.87,78,75,1.54,RE,1702069542
523,shahrud,36.4182,54.9763,6.75,58,4,1.4,IR,1702069543
524,penne,42.4538,13.9299,6.79,73,100,0.67,IT,1702069543
525,brandfort,-28.7001,26.4597,18.67,15,0,3.6,ZA,1702069543
526,caister-on-sea,52.6481,1.7265,8.13,90,100,7.07,GB,1702069543
527,egilsstadir,65.2653,-14.3948,-7.05,79,75,1.03,IS,1702069416
528,junction city,39.0286,-96.8314,15.08,41,0,6.69,US,1702069544
529,edson,53.5835,-116.4356,-2.92,63,40,2.06,CA,1702069544
530,punta del este,-34.9667,-54.95,19.42,71,40,5.14,UY,1702069333
531,masuguru,-11.3667,38.4167,24.63,89,94,1.91,TZ,1702069545
532,bangassou,4.7413,22.8184,21.02,70,31,0.49,CF,1702069545
533,yeppoon,-23.1333,150.7333,22.88,72,100,6.99,AU,1702069545
534,kokoda,-8.8785,147.7407,24.85,76,96,1.92,PG,1702069546
535,al mayadin,35.0209,40.4535,17.15,57,100,6.18,SY,1702069546
536,diamantino,-14.4086,-56.4461,30.11,55,85,4.26,BR,1702069546
537,coahuayana de hidalgo,18.7,-103.6583,30.71,51,6,2.34,MX,1702069547
538,igarka,67.4667,86.5833,-39.31,100,29,1.29,RU,1702069547
539,champerico,14.3,-91.9167,36.3,68,0,3.5,GT,1702069547
540,lata,40.1629,-8.3327,15.45,89,100,1.68,PT,1702069548
541,maputo,-25.9653,32.5892,24.82,83,40,2.06,MZ,1702069327
542,itaueira,-7.6033,-43.0256,32.46,33,99,1.1,BR,1702069548
543,mugumu,-1.85,34.7,16.56,92,88,0.57,TZ,1702069548
544,kisangani,0.5167,25.2,23.29,93,90,1.23,CD,1702069549
545,tottori,35.5,134.2333,9.62,77,0,4.1,JP,1702069522
546,kapit,2.0167,112.9333,23.63,100,100,0.64,MY,1702069549
547,zarah sharan,33.1467,68.7917,0.1,33,1,1.53,AF,1702069549
548,al hasakah,36.5024,40.7477,14.25,68,100,3.66,SY,1702069550
549,colonia,50.9333,6.95,8.36,89,100,4.12,DE,1702069550
550,smithers,54.7804,-127.1743,-6.82,93,75,2.06,CA,1702069550
551,bafoulabe,13.8065,-10.8321,28.95,13,14,2.42,ML,1702069550
552,liuli,-11.0833,34.6333,25.54,78,88,1.31,TZ,1702069551
553,al ghayzah,16.2079,52.176,23.95,54,72,2.01,YE,1702069551
554,narsingdi,23.9208,90.7181,21.01,78,58,0.79,BD,1702069551
555,yokadouma,3.5167,15.05,22.47,79,52,1.19,CM,1702069551
556,paracuru,-3.41,-39.0306,28.39,76,83,6.81,BR,1702069552
557,sao jose da coroa grande,-8.8978,-35.1478,26.29,77,98,5.03,BR,1702069552
558,hasaki,35.7333,140.8333,4.22,63,0,5.9,JP,1702069383
559,nandigama,16.7833,80.3,21.99,79,3,1.59,IN,1702069552
560,podgornoye,51.735,39.1496,-5.75,86,75,7.0,RU,1702069553
561,igra,57.5558,53.0547,-35.41,100,6,0.88,RU,1702069553
562,ottumwa,41.02,-92.4113,15.5,64,0,1.54,US,1702069553
563,tarawa,1.419,172.984,28.05,83,75,3.6,KI,1702069553
564,three points,32.0767,-111.3137,22.1,19,0,2.25,US,1702069554
565,havre,49.5833,0.3333,8.87,81,0,5.66,FR,1702069554
566,roma,43.2128,-75.4557,7.6,82,0,4.12,US,1702069554
567,tateyama,34.9833,139.8667,15.21,62,0,4.76,JP,1702069377
